src,edge_attr,dst
0,music.artist.track,1
2,tv.regular_tv_appearance.series,3
4,people.person.nationality,5
6,tv.tv_guest_role.actor,0
7,people.person.profession,8
9,people.person.profession,10
11,people.person.place_of_birth,12
13,influence.influence_node.influenced_by,14
15,music.artist.track,16
17,film.film_character.portrayed_in_films,18
0,tv.tv_actor.starring_roles,2
19,film.performance.film,20
21,people.person.nationality,5
10,film.film_job.films_with_this_crew_job,22
12,base.biblioness.bibs_topic.subsumes,12
0,award.award_nominee.award_nominations,23
24,film.performance.actor,0
25,music.recording.artist,0
26,people.person.profession,10
27,film.performance.actor,0
28,freebase.valuenotation.is_reviewed,29
0,film.actor.film,30
27,film.performance.film,31
10,common.topic.notable_types,32
33,film.personal_film_appearance.person,0
34,base.americancomedy.celebrity_impressionist.celebrities_impersonated,35
36,common.topic.notable_for,37
38,people.person.gender,39
40,freebase.valuenotation.is_reviewed,41
42,film.performance.character,43
44,base.saturdaynightlive.snl_cast_member.highest_status_achieved,45
46,freebase.type_profile.strict_included_types,47
0,tv.tv_actor.guest_roles,48
49,film.performance.film,50
0,music.artist.track,25
51,fictional_universe.fictional_character.gender,39
52,award.award_nominated_work.award_nominations,53
54,tv.regular_tv_appearance.character,51
55,common.webpage.topic,0
56,people.person.nationality,5
57,music.recording.artist,0
58,freebase.valuenotation.is_reviewed,59
60,tv.tv_guest_role.character,51
61,rdf-schema#range,62
16,common.topic.notable_types,63
16,common.topic.notable_for,64
65,music.recording.tracks,65
66,common.topic.article,67
68,tv.regular_tv_appearance.series,69
70,people.person.profession,71
72,common.resource.annotations,73
38,base.americancomedy.impersonated_celebrity.impersonated_by,74
45,base.saturdaynightlive.type_of_snl_cast_member.contract_players,34
0,tv.tv_actor.guest_roles,75
3,tv.tv_program.country_of_origin,5
76,base.saturdaynightlive.snl_cast_member.highest_status_achieved,45
77,common.topic.notable_types,63
78,people.person.gender,39
0,music.artist.track,79
80,people.person.gender,39
0,tv.tv_actor.guest_roles,81
0,tv.tv_actor.starring_roles,82
83,tv.tv_program.country_of_origin,5
84,music.recording.artist,0
85,tv.tv_guest_role.actor,0
86,tv.tv_program.country_of_origin,5
76,people.person.profession,8
0,music.artist.track,87
88,tv.regular_tv_appearance.actor,0
40,freebase.valuenotation.is_reviewed,89
90,freebase.valuenotation.is_reviewed,89
91,influence.influence_node.influenced,92
18,film.performance.film,93
0,music.artist.track,94
45,base.saturdaynightlive.type_of_snl_cast_member.contract_players,95
5,base.biblioness.bibs_topic.is_really,5
96,people.person.gender,39
97,tv.tv_program.regular_cast,98
99,tv.tv_program.regular_cast,100
10,people.profession.specialization_of,71
101,people.person.profession,71
45,base.saturdaynightlive.type_of_snl_cast_member.contract_players,11
80,freebase.valuenotation.is_reviewed,59
102,common.topic.notable_types,63
51,tv.tv_character.appeared_in_tv_episodes,103
104,common.topic.notable_for,105
106,film.film_crew_gig.film_crew_role,10
31,film.film.starring,27
90,people.person.profession,8
78,freebase.valuenotation.has_value,89
70,people.person.gender,107
82,tv.regular_tv_appearance.actor,0
108,freebase.valuenotation.is_reviewed,29
109,tv.tv_guest_role.actor,0
80,people.person.profession,71
110,tv.tv_guest_role.actor,0
111,freebase.valuenotation.is_reviewed,89
85,tv.tv_guest_role.episodes_appeared_in,112
44,people.person.profession,71
0,film.person_or_entity_appearing_in_film.films,113
114,film.performance.actor,0
115,common.resource.annotations,116
117,people.person.nationality,5
118,freebase.valuenotation.is_reviewed,89
119,people.person.gender,39
23,award.award_nomination.award_nominee,0
120,people.person.profession,8
10,film.film_job.films_with_this_crew_job,121
122,tv.tv_guest_role.episodes_appeared_in,123
45,base.saturdaynightlive.type_of_snl_cast_member.contract_players,124
125,freebase.valuenotation.is_reviewed,29
0,common.topic.webpage,126
127,music.recording.artist,0
51,film.film_character.portrayed_in_films,128
129,freebase.valuenotation.is_reviewed,59
16,music.recording.tracks,16
51,tv.tv_character.appeared_in_tv_episodes,130
78,freebase.valuenotation.has_value,29
131,base.americancomedy.comedy_venue.notable_standup_performers,35
132,tv.tv_guest_role.actor,0
102,music.recording.releases,133
134,music.recording.releases,133
135,people.person.gender,39
38,freebase.valuenotation.has_value,136
62,type.type.properties,136
28,people.person.profession,71
38,people.person.profession,8
137,tv.tv_guest_role.actor,0
138,people.person.gender,39
139,freebase.valuenotation.is_reviewed,136
108,base.saturdaynightlive.snl_cast_member.highest_status_achieved,45
108,people.person.profession,8
140,tv.tv_guest_role.episodes_appeared_in,141
10,film.film_job.films_with_this_crew_job,142
103,tv.tv_guest_role.special_performance_type,66
143,location.location.containedby,5
144,people.profession.specialization_of,10
145,freebase.valuenotation.is_reviewed,59
101,people.person.profession,8
139,freebase.valuenotation.is_reviewed,59
0,people.person.spouse_s,146
139,freebase.valuenotation.is_reviewed,89
147,freebase.valuenotation.is_reviewed,29
148,film.performance.actor,0
74,base.saturdaynightlive.snl_cast_member.highest_status_achieved,45
149,freebase.valuenotation.is_reviewed,29
150,base.saturdaynightlive.snl_cast_member.highest_status_achieved,45
151,common.webpage.topic,0
152,base.saturdaynightlive.snl_cast_member.highest_status_achieved,45
153,tv.tv_guest_role.episodes_appeared_in,154
138,freebase.valuenotation.is_reviewed,59
4,freebase.valuenotation.is_reviewed,29
49,film.performance.actor,0
45,base.saturdaynightlive.type_of_snl_cast_member.contract_players,155
156,people.person.profession,71
0,film.actor.film,157
46,freebase.type_hints.included_types,47
146,freebase.valuenotation.has_no_value,158
0,tv.tv_actor.guest_roles,122
86,tv.tv_program.episodes,159
160,common.topic.notable_types,63
133,common.topic.notable_for,161
92,influence.influence_node.influenced,162
163,fictional_universe.fictional_character.gender,39
62,type.type.properties,41
164,common.webpage.topic,10
165,film.film.starring,166
167,tv.tv_segment_performance.special_performance_type,66
127,common.topic.notable_for,168
61,type.property.schema,62
76,people.person.profession,10
169,music.recording.artist,0
170,film.film.starring,171
66,tv.special_tv_performance_type.segment_performances,167
45,base.saturdaynightlive.type_of_snl_cast_member.contract_players,172
45,base.saturdaynightlive.type_of_snl_cast_member.contract_players,173
14,freebase.valuenotation.is_reviewed,89
7,base.saturdaynightlive.snl_cast_member.highest_status_achieved,45
172,people.person.profession,8
174,people.person.gender,107
175,music.recording.artist,0
172,people.person.profession,71
36,music.recording.tracks,36
155,freebase.valuenotation.is_reviewed,59
176,common.topic.notable_types,177
178,people.person.profession,10
179,tv.tv_guest_role.actor,0
66,music.special_music_video_performance_type.special_music_video_performances,180
181,film.film.sequel,182
86,tv.tv_program.episodes,183
45,base.saturdaynightlive.type_of_snl_cast_member.contract_players,0
40,people.person.profession,10
184,common.topic.notable_for,185
0,music.artist.track,186
150,freebase.valuenotation.is_reviewed,29
177,base.descriptive_names.names.descriptive_name,187
113,film.personal_film_appearance.type_of_appearance,188
189,base.saturdaynightlive.snl_cast_member.highest_status_achieved,45
36,music.recording.releases,133
74,people.person.nationality,5
190,film.performance.special_performance_type,66
191,tv.tv_segment_performance.special_performance_type,66
192,people.person.parents,193
194,freebase.type_hints.included_types,47
139,people.person.place_of_birth,5
119,common.topic.notable_types,177
192,freebase.valuenotation.has_no_value,41
8,common.topic.subject_of,195
196,freebase.valuenotation.is_reviewed,29
114,film.performance.special_performance_type,66
0,film.actor.film,49
45,base.saturdaynightlive.type_of_snl_cast_member.contract_players,14
147,base.saturdaynightlive.snl_cast_member.highest_status_achieved,45
34,people.person.profession,8
162,people.person.gender,39
197,common.resource.annotations,198
16,music.recording.releases,199
200,common.webpage.topic,0
45,base.saturdaynightlive.type_of_snl_cast_member.contract_players,9
201,music.recording.releases,133
70,freebase.valuenotation.is_reviewed,89
10,people.profession.specializations,144
45,base.saturdaynightlive.type_of_snl_cast_member.contract_players,202
169,common.topic.notable_for,203
204,common.topic.notable_types,205
206,film.performance.actor,0
160,music.recording.tracks,160
90,freebase.valuenotation.is_reviewed,41
207,music.recording.artist,0
208,tv.multipart_tv_episode.tv_program,52
209,film.personal_film_appearance.type_of_appearance,188
210,film.film_crew_gig.film_crew_role,10
0,music.artist.track,84
129,people.person.nationality,5
23,award.award_nomination.nominated_for,211
212,music.recording.releases,133
74,influence.influence_node.influenced,34
213,film.performance.character,214
46,freebase.type_profile.strict_included_types,215
216,film.film.country,5
217,common.image.size,218
177,base.descriptive_names.names.descriptive_name,219
220,film.film.story_by,178
221,common.topic.notable_types,62
108,people.person.gender,107
0,film.actor.film,24
61,rdf-schema#domain,62
222,tv.tv_guest_role.episodes_appeared_in,223
171,film.performance.character,224
225,freebase.valuenotation.is_reviewed,59
226,music.recording.artist,0
227,tv.tv_guest_role.episodes_appeared_in,228
229,film.film.starring,213
230,common.topic.notable_types,63
231,film.performance.film,232
94,common.topic.notable_types,63
177,type.type.expected_by,177
233,common.webpage.in_index,234
235,tv.tv_guest_role.actor,0
0,music.artist.track,236
53,award.award_nomination.award_nominee,237
238,film.performance.character,239
240,tv.tv_guest_role.special_performance_type,66
178,base.saturdaynightlive.snl_cast_member.highest_status_achieved,45
241,tv.regular_tv_appearance.series,52
0,tv.tv_actor.guest_roles,242
243,base.saturdaynightlive.snl_cast_member.highest_status_achieved,45
10,base.descriptive_names.names.descriptive_name,244
245,people.person.profession,10
246,music.recording.releases,133
247,people.person.profession,8
0,film.actor.film,248
96,freebase.valuenotation.is_reviewed,136
119,people.person.nationality,5
245,base.saturdaynightlive.snl_cast_member.highest_status_achieved,45
34,people.person.nationality,5
249,tv.tv_guest_role.episodes_appeared_in,250
162,influence.influence_node.influenced_by,92
19,film.performance.actor,0
251,tv.tv_guest_role.actor,0
0,tv.tv_actor.guest_roles,252
172,freebase.valuenotation.is_reviewed,136
253,people.person.profession,8
254,freebase.valuenotation.is_reviewed,89
255,film.film.prequel,3
256,freebase.valuenotation.is_reviewed,59
92,influence.influence_node.influenced,34
257,tv.tv_guest_role.actor,0
258,film.performance.actor,0
259,tv.tv_guest_role.actor,0
0,music.artist.track,169
260,people.person.gender,107
128,film.performance.character,51
53,award.award_nomination.award_nominee,261
262,music.recording.artist,0
45,base.saturdaynightlive.type_of_snl_cast_member.contract_players,21
263,tv.tv_guest_role.actor,0
11,people.person.nationality,5
152,people.person.gender,107
10,film.film_job.films_with_this_crew_job,264
76,freebase.valuenotation.is_reviewed,29
265,award.award_nominee.award_nominations,53
245,freebase.valuenotation.is_reviewed,89
139,people.person.gender,39
266,film.film.country,5
96,freebase.valuenotation.is_reviewed,29
149,people.person.profession,71
267,film.performance.actor,0
0,film.actor.film,268
28,freebase.valuenotation.is_reviewed,59
269,film.film.country,5
270,film.film.country,5
271,film.performance.actor,0
177,freebase.type_profile.kind,272
273,music.recording.releases,133
118,freebase.valuenotation.is_reviewed,29
274,film.film.country,5
275,tv.tv_guest_role.episodes_appeared_in,276
34,people.person.profession,71
35,base.americancomedy.comedian.performed_in_venues,131
0,common.topic.webpage,277
278,people.person.nationality,5
266,music.recording.releases,133
279,base.americancomedy.comedian.performed_in_venues,131
280,people.person.profession,71
14,influence.influence_node.influenced,13
251,tv.tv_guest_role.episodes_appeared_in,281
170,film.film.country,5
89,type.property.schema,62
45,base.saturdaynightlive.type_of_snl_cast_member.contract_players,282
283,music.recording.artist,0
0,music.artist.track,284
45,base.saturdaynightlive.type_of_snl_cast_member.contract_players,285
49,film.performance.character,286
1,common.topic.notable_for,287
145,people.person.profession,8
288,people.person.place_of_birth,12
51,tv.tv_character.appeared_in_tv_episodes,289
262,common.topic.notable_for,290
291,music.recording.artist,0
145,influence.influence_node.influenced,292
145,base.americancomedy.comedian.performed_in_venues,131
293,film.performance.character,294
40,freebase.valuenotation.is_reviewed,59
295,music.music_video_performance.special_music_video_performance_type,66
0,tv.tv_actor.guest_roles,296
217,common.image.appears_in_topic_gallery,0
297,film.film.country,5
175,common.topic.notable_types,63
51,film.film_character.portrayed_in_films,298
174,people.person.profession,71
183,film.film.country,5
15,freebase.valuenotation.has_value,136
299,music.music_video_performance.special_music_video_performance_type,66
10,base.descriptive_names.names.descriptive_name,300
10,film.film_job.films_with_this_crew_job,301
80,freebase.valuenotation.has_value,136
302,tv.tv_guest_role.episodes_appeared_in,303
86,tv.tv_program.episodes,304
4,freebase.valuenotation.is_reviewed,89
10,base.descriptive_names.names.descriptive_name,305
231,film.performance.actor,0
243,freebase.valuenotation.is_reviewed,59
0,people.person.places_lived,306
145,people.person.nationality,5
176,freebase.valuenotation.is_reviewed,136
56,people.person.ethnicity,307
243,people.person.nationality,5
308,people.person.gender,39
201,common.topic.notable_types,63
10,film.film_job.films_with_this_crew_job,309
8,common.topic.notable_types,32
310,music.recording.tracks,310
135,people.person.nationality,5
9,freebase.valuenotation.is_reviewed,89
0,common.image.size,311
0,tv.tv_actor.guest_roles,153
312,common.topic.notable_types,63
313,common.webpage.in_index,314
51,film.film_character.portrayed_in_films,315
172,people.person.nationality,5
101,freebase.valuenotation.is_reviewed,29
150,people.person.profession,71
176,freebase.valuenotation.is_reviewed,59
192,people.person.nationality,5
138,freebase.valuenotation.is_reviewed,89
279,influence.influence_node.influenced_by,35
316,tv.tv_regular_personal_appearance.program,317
221,freebase.valuenotation.has_value,89
192,people.person.parents,0
318,people.sibling_relationship.sibling,278
9,freebase.valuenotation.is_reviewed,59
230,music.recording.artist,156
319,people.person.gender,39
130,tv.tv_guest_role.character,51
53,award.award_nomination.award_nominee,78
139,people.person.nationality,5
320,film.film_character.portrayed_in_films,321
71,owl#inverseOf,322
254,people.person.nationality,5
58,freebase.valuenotation.is_reviewed,29
323,freebase.type_profile.strict_included_types,324
242,tv.tv_guest_role.actor,0
288,freebase.valuenotation.is_reviewed,59
12,location.administrative_division.country,5
325,tv.tv_guest_role.actor,0
152,people.person.profession,71
10,film.film_job.films_with_this_crew_job,326
278,freebase.valuenotation.has_no_value,61
0,tv.tv_actor.guest_roles,327
328,film.film.country,5
277,common.webpage.in_index,234
57,music.recording.tracks,57
184,music.recording.artist,0
329,common.topic.notable_types,63
71,freebase.equivalent_topic.equivalent_type,177
330,tv.tv_guest_role.actor,0
56,people.person.profession,8
96,freebase.valuenotation.is_reviewed,89
0,music.artist.track,331
136,rdf-schema#domain,62
332,music.recording.tracks,332
284,music.recording.releases,133
28,people.person.nationality,5
333,freebase.valuenotation.is_reviewed,136
145,people.person.gender,39
0,tv.tv_actor.guest_roles,334
46,freebase.type_hints.included_types,215
157,film.performance.actor,0
335,common.topic.notable_types,336
337,film.film.starring,338
196,people.person.profession,10
94,common.topic.notable_for,339
288,base.saturdaynightlive.snl_cast_member.highest_status_achieved,45
340,people.person.profession,8
334,tv.tv_guest_role.episodes_appeared_in,341
45,base.saturdaynightlive.type_of_snl_cast_member.contract_players,111
53,award.award_nomination.award_nominee,342
84,common.topic.notable_for,343
221,freebase.valuenotation.has_value,59
36,common.topic.notable_types,63
344,music.recording.tracks,344
345,freebase.valuenotation.is_reviewed,29
247,people.person.profession,10
0,tv.tv_actor.guest_roles,275
120,base.saturdaynightlive.snl_cast_member.highest_status_achieved,45
239,film.film_character.portrayed_in_films,238
291,music.recording.tracks,291
0,common.topic.image,0
177,type.type.expected_by,346
152,people.person.nationality,5
0,music.artist.track,262
172,people.person.profession,10
0,tv.tv_actor.starring_roles,347
0,tv.tv_actor.guest_roles,263
149,people.person.nationality,5
62,freebase.type_profile.strict_included_types,324
178,people.person.profession,8
146,people.marriage.type_of_union,348
0,film.actor.film,349
53,award.award_nomination.award_nominee,118
196,freebase.valuenotation.is_reviewed,89
174,people.person.profession,10
350,tv.regular_tv_appearance.actor,0
0,film.actor.film,231
126,common.webpage.resource,351
352,common.topic.notable_types,63
344,music.recording.releases,133
263,tv.tv_guest_role.episodes_appeared_in,353
53,award.award_nomination.award_nominee,265
80,people.person.profession,10
253,freebase.valuenotation.is_reviewed,29
340,people.person.nationality,5
13,people.person.profession,10
354,people.person.profession,8
189,people.person.profession,71
225,freebase.valuenotation.is_reviewed,61
177,type.type.domain,355
345,freebase.valuenotation.is_reviewed,89
212,music.recording.tracks,212
26,people.person.profession,71
317,tv.tv_program.country_of_origin,5
62,type.type.properties,61
162,people.person.profession,71
253,people.person.profession,71
279,people.person.nationality,5
238,film.performance.film,216
356,tv.tv_program.regular_cast,357
358,film.film.country,5
359,common.topic.notable_for,360
53,award.award_nomination.award_nominee,0
34,base.americancomedy.celebrity_impressionist.celebrities_impersonated,0
361,common.topic.notable_for,362
363,tv.tv_guest_role.episodes_appeared_in,364
365,film.film_crew_gig.film_crew_role,10
170,award.award_nominated_work.award_nominations,23
196,people.person.nationality,5
229,film.film.country,5
150,freebase.valuenotation.is_reviewed,59
92,people.person.nationality,5
0,music.artist.track,352
247,freebase.valuenotation.is_reviewed,89
366,tv.tv_guest_role.actor,0
367,tv.tv_guest_role.actor,0
292,people.person.gender,39
359,common.topic.notable_types,63
10,common.topic.webpage,368
369,film.film.country,5
108,people.person.profession,71
0,film.actor.film,370
0,tv.tv_actor.starring_roles,54
0,music.artist.track,77
371,freebase.valuenotation.is_reviewed,89
164,common.webpage.in_index,234
225,people.person.gender,39
257,tv.tv_guest_role.episodes_appeared_in,372
254,people.person.gender,39
373,tv.tv_guest_role.episodes_appeared_in,374
359,music.recording.tracks,359
77,music.recording.artist,0
328,film.film.starring,375
166,film.performance.actor,0
0,music.artist.track,376
241,tv.regular_tv_appearance.actor,0
71,common.topic.subjects,195
377,film.film_character.portrayed_in_films,148
291,music.recording.releases,133
378,film.film_character.portrayed_in_films,379
89,rdf-schema#domain,62
120,people.person.profession,10
380,tv.tv_program.regular_cast,381
100,tv.regular_tv_appearance.actor,0
382,film.film.country,5
128,film.performance.special_performance_type,66
15,people.person.profession,10
0,people.person.parents,221
0,film.actor.film,379
20,film.film.starring,19
18,film.performance.character,17
139,people.person.profession,71
74,freebase.valuenotation.is_reviewed,89
289,tv.tv_guest_role.special_performance_type,66
124,influence.influence_node.influenced_by,38
80,people.person.profession,8
236,common.topic.notable_types,63
21,freebase.valuenotation.has_value,136
73,common.webpage.in_index,234
308,people.person.profession,71
132,tv.tv_guest_role.episodes_appeared_in,383
384,common.topic.notable_for,385
225,freebase.valuenotation.is_reviewed,29
119,people.person.profession,10
66,music.special_music_video_performance_type.special_music_video_performances,299
266,film.film.personal_appearances,113
386,base.saturdaynightlive.snl_cast_member.highest_status_achieved,45
371,people.person.profession,8
44,people.person.gender,39
371,people.person.profession,71
0,common.topic.webpage,198
0,tv.tv_actor.guest_roles,132
188,common.topic.notable_types,336
181,tv.tv_program.regular_cast,387
388,film.film_crew_gig.film_crew_role,10
146,freebase.valuenotation.has_value,389
45,base.saturdaynightlive.type_of_snl_cast_member.contract_players,390
331,music.recording.artist,0
0,tv.tv_actor.guest_roles,259
10,fictional_universe.character_occupation.characters_with_this_occupation,391
12,base.biblioness.bibs_location.country,5
392,film.film.starring,293
393,common.topic.notable_for,394
87,common.topic.notable_types,63
245,freebase.valuenotation.is_reviewed,59
25,music.recording.releases,133
62,freebase.type_profile.published,395
396,film.performance.actor,0
238,film.performance.actor,0
386,people.person.profession,8
4,freebase.valuenotation.is_reviewed,59
126,common.webpage.topic,0
242,tv.tv_guest_role.episodes_appeared_in,397
398,people.person.nationality,5
261,people.person.gender,107
351,common.resource.annotations,126
78,freebase.valuenotation.has_value,59
111,people.person.gender,39
399,people.person.nationality,5
117,people.person.gender,107
400,common.webpage.topic,10
45,base.saturdaynightlive.type_of_snl_cast_member.contract_players,401
10,base.descriptive_names.names.descriptive_name,402
15,people.person.gender,39
118,people.person.gender,39
127,music.recording.tracks,127
91,freebase.valuenotation.is_reviewed,136
403,tv.tv_guest_role.episodes_appeared_in,404
77,common.topic.notable_for,405
406,music.recording.tracks,406
66,music.special_music_video_performance_type.special_music_video_performances,407
36,music.recording.artist,0
408,freebase.valuenotation.is_reviewed,29
408,people.person.profession,71
90,people.person.gender,39
178,people.person.nationality,5
409,film.film_crew_gig.film_crew_role,10
45,base.saturdaynightlive.type_of_snl_cast_member.contract_players,410
411,film.performance.actor,0
193,freebase.valuenotation.has_value,29
129,freebase.valuenotation.is_reviewed,89
34,base.americancomedy.celebrity_impressionist.celebrities_impersonated,92
62,freebase.type_hints.included_types,47
178,film.film_story_contributor.film_story_credits,220
220,film.film.written_by,178
235,tv.tv_guest_role.episodes_appeared_in,412
135,freebase.valuenotation.has_value,136
40,freebase.valuenotation.is_reviewed,29
45,base.saturdaynightlive.type_of_snl_cast_member.contract_players,96
0,tv.tv_actor.guest_roles,403
226,common.topic.notable_types,63
22,film.film_crew_gig.film_crew_role,10
0,people.person.place_of_birth,143
117,freebase.valuenotation.has_value,136
13,base.saturdaynightlive.snl_cast_member.highest_status_achieved,45
0,music.artist.track,102
124,freebase.valuenotation.is_reviewed,89
387,tv.regular_tv_appearance.series,181
35,people.person.profession,71
43,film.film_character.portrayed_in_films,42
0,tv.tv_actor.guest_roles,413
414,tv.tv_program.regular_cast,347
151,common.webpage.resource,415
310,music.recording.artist,0
416,tv.tv_guest_role.episodes_appeared_in,417
100,tv.regular_tv_appearance.series,99
240,tv.tv_guest_role.actor,0
418,film.film_character.portrayed_in_films,370
10,base.descriptive_names.names.descriptive_name,419
254,base.saturdaynightlive.snl_cast_member.highest_status_achieved,45
420,common.topic.notable_types,46
193,freebase.valuenotation.has_value,136
421,music.music_video_performance.special_music_video_performance_type,66
408,people.person.profession,10
45,base.saturdaynightlive.type_of_snl_cast_member.contract_players,44
0,music.artist.track,230
422,tv.tv_guest_role.actor,0
216,film.film.starring,238
40,base.saturdaynightlive.snl_cast_member.highest_status_achieved,45
423,film.film.country,5
424,music.recording.releases,133
425,tv.tv_program.country_of_origin,5
258,film.performance.film,426
254,people.person.profession,10
293,film.performance.film,392
0,tv.tv_actor.guest_roles,85
221,people.person.gender,39
120,freebase.valuenotation.has_value,136
44,people.person.profession,8
34,freebase.valuenotation.is_reviewed,59
138,people.person.profession,10
177,base.descriptive_names.names.descriptive_name,427
80,base.saturdaynightlive.snl_cast_member.highest_status_achieved,45
178,people.person.gender,39
428,tv.tv_guest_role.episodes_appeared_in,429
352,common.topic.notable_for,430
333,base.saturdaynightlive.snl_cast_member.highest_status_achieved,45
431,people.person.profession,71
174,base.saturdaynightlive.snl_cast_member.highest_status_achieved,45
177,freebase.documented_object.documentation,432
174,people.person.profession,8
433,common.topic.notable_for,434
0,tv.tv_actor.guest_roles,435
278,people.person.parents,0
45,base.saturdaynightlive.type_of_snl_cast_member.contract_players,436
285,people.person.gender,107
0,film.actor.film,338
14,freebase.valuenotation.is_reviewed,29
232,film.film.starring,231
283,music.recording.releases,133
370,film.performance.film,437
200,common.webpage.in_index,234
10,base.descriptive_names.names.descriptive_name,438
21,people.person.profession,71
58,base.saturdaynightlive.snl_cast_member.highest_status_achieved,45
439,film.performance.actor,0
91,people.person.profession,71
440,tv.regular_tv_appearance.series,441
110,tv.tv_guest_role.episodes_appeared_in,442
182,film.film.sequel,382
91,people.person.profession,8
193,freebase.valuenotation.has_value,59
90,people.person.nationality,5
345,freebase.valuenotation.is_reviewed,59
443,tv.tv_guest_role.episodes_appeared_in,444
260,people.person.profession,10
10,base.descriptive_names.names.descriptive_name,445
116,common.webpage.resource,115
9,influence.influence_node.influenced,13
150,freebase.valuenotation.is_reviewed,136
74,people.person.profession,71
446,tv.tv_guest_role.episodes_appeared_in,447
201,music.recording.tracks,201
45,base.saturdaynightlive.type_of_snl_cast_member.contract_players,448
0,base.americancomedy.impersonated_celebrity.impersonated_by,34
74,base.americancomedy.celebrity_impressionist.celebrities_impersonated,38
147,people.person.nationality,5
30,film.performance.character,449
81,tv.tv_guest_role.actor,0
56,people.person.profession,71
155,people.person.profession,8
0,people.person.children,278
0,common.topic.webpage,151
398,people.person.profession,71
0,common.topic.webpage,200
156,people.person.gender,107
176,freebase.valuenotation.is_reviewed,29
60,tv.tv_guest_role.actor,0
0,tv.tv_actor.guest_roles,110
61,type.property.master_property,136
277,common.webpage.resource,450
92,base.saturdaynightlive.snl_cast_member.highest_status_achieved,45
236,music.recording.artist,0
371,freebase.valuenotation.has_no_value,61
45,base.saturdaynightlive.type_of_snl_cast_member.contract_players,178
246,common.topic.notable_for,451
288,people.person.gender,107
96,base.saturdaynightlive.snl_cast_member.highest_status_achieved,45
150,freebase.valuenotation.is_reviewed,89
264,film.film_crew_gig.film_crew_role,10
149,people.person.gender,107
45,base.saturdaynightlive.type_of_snl_cast_member.contract_players,13
193,freebase.valuenotation.has_value,89
371,freebase.valuenotation.is_reviewed,59
13,freebase.valuenotation.is_reviewed,29
349,film.performance.film,297
59,type.property.schema,62
0,tv.tv_actor.guest_roles,103
174,people.person.nationality,5
45,base.saturdaynightlive.type_of_snl_cast_member.contract_players,7
0,film.actor.film,171
177,type.type.expected_by,71
375,film.performance.character,452
177,type.type.properties,453
92,freebase.valuenotation.is_reviewed,89
245,people.person.ethnicity,307
349,film.performance.actor,0
38,base.saturdaynightlive.snl_cast_member.highest_status_achieved,45
177,type.type.properties,454
155,freebase.valuenotation.is_reviewed,136
177,base.descriptive_names.names.descriptive_name,455
456,tv.tv_guest_role.episodes_appeared_in,457
387,tv.regular_tv_appearance.character,51
45,base.saturdaynightlive.type_of_snl_cast_member.contract_players,458
178,freebase.valuenotation.is_reviewed,89
459,tv.tv_guest_role.actor,0
160,music.recording.artist,0
460,tv.tv_program.regular_cast,461
462,base.saturdaynightlive.snl_recurring_sketch_performance.actor,0
157,film.performance.film,182
4,people.person.profession,10
45,base.saturdaynightlive.type_of_snl_cast_member.contract_players,176
142,film.film_crew_gig.film_crew_role,10
310,common.topic.notable_for,463
369,film.film.starring,271
464,tv.tv_guest_role.actor,0
10,film.film_job.films_with_this_crew_job,465
333,freebase.valuenotation.is_reviewed,29
450,common.resource.annotations,277
45,base.saturdaynightlive.type_of_snl_cast_member.contract_players,149
75,tv.tv_guest_role.actor,0
431,freebase.valuenotation.is_reviewed,89
118,people.person.profession,10
155,people.person.profession,71
0,common.topic.image,217
124,people.person.profession,71
91,influence.influence_node.influenced,458
74,freebase.valuenotation.is_reviewed,59
101,freebase.valuenotation.is_reviewed,89
124,people.person.profession,8
104,music.recording.tracks,104
139,freebase.valuenotation.is_reviewed,29
331,music.recording.tracks,331
245,people.person.profession,8
466,tv.tv_program.regular_cast,467
56,people.person.gender,39
188,music.special_music_video_performance_type.special_music_video_performances,295
45,base.saturdaynightlive.type_of_snl_cast_member.contract_players,468
117,base.saturdaynightlive.snl_cast_member.highest_status_achieved,45
0,music.artist.track,57
86,tv.tv_program.episodes,469
260,freebase.valuenotation.has_value,136
0,music.artist.track,406
66,music.special_music_video_performance_type.special_music_video_performances,421
0,tv.tv_actor.starring_roles,381
145,freebase.valuenotation.is_reviewed,136
91,freebase.valuenotation.is_reviewed,41
74,people.person.gender,39
292,freebase.valuenotation.is_reviewed,89
90,base.saturdaynightlive.snl_cast_member.highest_status_achieved,45
243,freebase.valuenotation.is_reviewed,89
306,people.place_lived.person,0
145,freebase.valuenotation.is_reviewed,89
51,film.film_character.portrayed_in_films,19
54,tv.regular_tv_appearance.series,86
470,tv.tv_guest_role.actor,0
277,common.webpage.topic,0
252,tv.tv_guest_role.episodes_appeared_in,471
298,film.performance.film,269
121,film.film_crew_gig.film_crew_role,10
0,tv.tv_actor.guest_roles,459
254,freebase.valuenotation.is_reviewed,29
10,base.descriptive_names.names.descriptive_name,472
376,music.recording.tracks,376
10,common.topic.article,473
66,tv.special_tv_performance_type.segment_performances,474
345,people.person.gender,39
459,tv.tv_guest_role.episodes_appeared_in,475
117,people.person.profession,8
71,people.profession.specializations,10
131,base.americancomedy.comedy_venue.notable_standup_performers,279
270,film.film.starring,268
151,common.webpage.in_index,234
0,music.artist.track,212
76,people.person.gender,107
189,freebase.valuenotation.is_reviewed,89
225,people.person.nationality,5
192,freebase.valuenotation.has_no_value,61
139,base.saturdaynightlive.snl_cast_member.highest_status_achieved,45
4,people.person.profession,8
162,people.person.profession,10
476,film.film.country,5
176,people.person.gender,39
162,freebase.valuenotation.is_reviewed,29
280,people.person.profession,8
322,type.property.master_property,71
363,tv.tv_guest_role.actor,0
413,tv.tv_guest_role.actor,0
237,award.award_nominee.award_nominations,53
477,music.recording.artist,0
177,base.descriptive_names.names.descriptive_name,478
179,tv.tv_guest_role.episodes_appeared_in,479
111,freebase.valuenotation.is_reviewed,59
177,freebase.type_profile.strict_included_types,324
45,base.saturdaynightlive.type_of_snl_cast_member.contract_players,70
45,base.saturdaynightlive.type_of_snl_cast_member.contract_players,480
30,film.performance.film,481
189,freebase.valuenotation.is_reviewed,136
90,freebase.valuenotation.is_reviewed,29
70,base.saturdaynightlive.snl_cast_member.highest_status_achieved,45
279,people.person.profession,71
0,base.webvideo.internet_video_actor.recurring_roles,482
78,award.award_nominee.award_nominations,53
45,base.saturdaynightlive.type_of_snl_cast_member.contract_players,117
371,common.topic.notable_types,177
66,common.topic.notable_for,483
51,tv.tv_character.appeared_in_tv_episodes,240
66,tv.special_tv_performance_type.segment_performances,484
133,music.album.releases,133
0,film.actor.film,485
82,tv.regular_tv_appearance.series,486
431,people.person.gender,39
0,tv.tv_actor.starring_roles,387
487,tv.tv_guest_role.episodes_appeared_in,488
125,freebase.valuenotation.is_reviewed,89
0,tv.tv_actor.guest_roles,249
0,music.artist.track,359
424,common.topic.notable_types,63
361,base.saturdaynightlive.snl_character.played_by,0
177,type.type.properties,489
245,freebase.valuenotation.is_reviewed,29
265,people.person.gender,107
111,people.person.nationality,5
177,freebase.type_profile.strict_included_types,490
273,common.topic.notable_for,491
13,people.person.gender,39
0,tv.tv_actor.guest_roles,130
10,film.film_job.films_with_this_crew_job,388
215,freebase.type_profile.published,395
492,tv.tv_guest_role.episodes_appeared_in,493
45,base.saturdaynightlive.type_of_snl_cast_member.contract_players,292
180,music.music_video_performance.special_music_video_performance_type,66
494,film.film.starring,379
280,people.person.gender,107
0,common.topic.webpage,313
393,music.recording.artist,0
34,freebase.valuenotation.is_reviewed,136
193,people.person.spouse_s,146
456,tv.tv_guest_role.actor,0
221,people.person.children,0
66,common.topic.notable_types,336
0,film.actor.film,238
408,freebase.valuenotation.is_reviewed,89
34,people.person.gender,39
484,tv.tv_segment_performance.special_performance_type,66
194,freebase.type_profile.published,395
308,people.person.profession,8
175,music.recording.tracks,175
57,common.topic.notable_for,495
496,tv.tv_guest_role.episodes_appeared_in,497
196,freebase.valuenotation.is_reviewed,59
284,music.recording.tracks,284
0,music.artist.track,201
26,freebase.valuenotation.is_reviewed,59
140,tv.tv_guest_role.actor,0
147,freebase.valuenotation.is_reviewed,89
135,base.saturdaynightlive.snl_cast_member.highest_status_achieved,45
379,film.performance.special_performance_type,66
408,freebase.valuenotation.has_value,136
45,base.saturdaynightlive.type_of_snl_cast_member.contract_players,196
498,common.topic.notable_types,63
10,base.descriptive_names.names.descriptive_name,499
16,music.recording.artist,156
387,tv.regular_tv_appearance.actor,0
0,film.actor.film,166
76,freebase.valuenotation.is_reviewed,59
332,common.topic.notable_types,63
0,film.actor.film,271
500,tv.tv_guest_role.episodes_appeared_in,501
147,freebase.valuenotation.is_reviewed,59
254,people.person.profession,8
65,music.recording.artist,0
111,people.person.profession,71
136,owl#inverseOf,61
245,people.person.nationality,5
288,people.person.profession,10
70,freebase.valuenotation.is_reviewed,29
135,freebase.valuenotation.is_reviewed,59
266,common.topic.notable_for,502
278,freebase.valuenotation.has_value,89
152,freebase.valuenotation.is_reviewed,136
503,tv.tv_guest_role.episodes_appeared_in,504
35,freebase.valuenotation.is_reviewed,59
333,people.person.profession,8
129,people.person.ethnicity,307
104,music.recording.releases,133
279,freebase.valuenotation.is_reviewed,89
11,base.saturdaynightlive.snl_cast_member.highest_status_achieved,45
0,tv.tv_actor.guest_roles,505
45,base.saturdaynightlive.type_of_snl_cast_member.contract_players,256
117,people.person.profession,10
0,music.artist.track,175
310,music.recording.releases,133
0,base.americancomedy.comedian.performed_in_venues,131
506,award.award_category.nominees,53
345,people.person.nationality,5
0,common.topic.notable_types,177
446,tv.tv_guest_role.actor,0
470,tv.tv_guest_role.episodes_appeared_in,507
186,music.recording.artist,0
7,freebase.valuenotation.is_reviewed,59
77,music.recording.releases,133
259,tv.tv_guest_role.episodes_appeared_in,508
509,tv.regular_tv_appearance.series,317
35,freebase.valuenotation.is_reviewed,89
45,base.saturdaynightlive.type_of_snl_cast_member.contract_players,254
510,award.award_ceremony.nominees,23
211,award.award_nominated_work.award_nominations,23
45,base.saturdaynightlive.type_of_snl_cast_member.contract_players,511
10,film.film_job.films_with_this_crew_job,512
248,film.performance.character,513
26,base.saturdaynightlive.snl_cast_member.highest_status_achieved,45
62,freebase.type_profile.strict_included_types,490
86,media_common.adapted_work.adaptations,514
0,music.artist.track,477
45,base.saturdaynightlive.type_of_snl_cast_member.contract_players,408
153,tv.tv_guest_role.actor,0
181,film.film.country,5
515,tv.tv_guest_role.episodes_appeared_in,516
329,music.recording.tracks,329
268,film.performance.special_performance_type,66
136,type.property.schema,62
283,common.topic.notable_types,63
111,people.person.profession,8
10,film.film_job.films_with_this_crew_job,517
425,tv.tv_program.regular_cast,88
51,film.film_character.portrayed_in_films,439
342,people.person.gender,107
35,people.person.gender,39
246,common.topic.notable_types,63
172,common.topic.notable_types,177
0,tv.tv_actor.starring_roles,98
174,freebase.valuenotation.is_reviewed,59
518,film.film_crew_gig.film_crew_role,10
275,tv.tv_guest_role.actor,0
75,tv.tv_guest_role.episodes_appeared_in,519
384,common.topic.notable_types,215
467,tv.regular_tv_appearance.series,466
375,film.performance.actor,0
296,tv.tv_guest_role.actor,0
333,freebase.valuenotation.is_reviewed,59
0,tv.tv_actor.guest_roles,330
308,freebase.valuenotation.is_reviewed,59
0,tv.tv_actor.guest_roles,235
230,music.recording.artist,0
124,people.person.profession,10
66,tv.special_tv_performance_type.segment_performances,520
0,tv.tv_actor.guest_roles,521
184,common.topic.notable_types,63
0,film.actor.film,42
124,people.person.gender,107
283,common.topic.notable_for,522
0,tv.tv_actor.guest_roles,515
354,influence.influence_node.influenced,13
0,tv.tv_actor.guest_roles,456
92,people.person.profession,10
118,people.person.profession,71
481,film.film.starring,30
58,freebase.valuenotation.is_reviewed,89
182,film.film.prequel,181
45,base.saturdaynightlive.type_of_snl_cast_member.contract_players,26
162,base.saturdaynightlive.snl_cast_member.highest_status_achieved,45
130,tv.tv_guest_role.actor,0
0,tv.tv_actor.starring_roles,461
285,people.person.nationality,5
520,tv.tv_segment_performance.special_performance_type,66
10,base.descriptive_names.names.descriptive_name,523
3,film.film.country,5
10,film.film_job.films_with_this_crew_job,518
125,people.person.gender,39
134,music.recording.tracks,134
192,common.topic.notable_for,524
119,people.person.profession,71
15,people.person.nationality,5
162,people.person.profession,8
62,type.type.properties,29
146,people.marriage.spouse,0
38,influence.influence_node.influenced,111
371,people.person.nationality,5
283,music.recording.tracks,283
370,film.performance.actor,0
393,music.recording.tracks,393
14,people.person.profession,8
0,tv.tv_actor.guest_roles,500
0,tv.tv_actor.guest_roles,60
431,people.person.profession,10
525,common.webpage.in_index,234
0,film.actor.film,18
21,people.person.profession,8
292,base.saturdaynightlive.snl_cast_member.highest_status_achieved,45
193,people.person.gender,107
104,music.recording.artist,0
45,base.saturdaynightlive.type_of_snl_cast_member.contract_players,91
301,film.film_crew_gig.film_crew_role,10
40,freebase.valuenotation.is_reviewed,136
0,film.actor.film,411
102,common.topic.notable_for,526
293,film.performance.actor,0
55,common.webpage.in_index,234
0,common.topic.webpage,525
10,base.descriptive_names.names.descriptive_name,527
361,base.saturdaynightlive.snl_character.recurring_sketch_performances,462
379,film.performance.film,494
156,music.artist.track,16
256,people.person.profession,71
0,common.topic.notable_for,528
315,film.performance.film,514
38,influence.influence_node.influenced,256
45,base.saturdaynightlive.type_of_snl_cast_member.contract_players,243
155,people.person.profession,10
70,people.person.profession,10
73,common.webpage.topic,0
213,film.performance.special_performance_type,335
144,common.topic.notable_types,32
0,film.actor.film,321
177,freebase.type_profile.equivalent_topic,71
0,tv.tv_actor.guest_roles,6
209,film.personal_film_appearance.person,0
278,common.topic.notable_for,529
356,tv.tv_program.country_of_origin,5
530,film.film.country,5
345,people.person.profession,8
9,base.saturdaynightlive.snl_cast_member.highest_status_achieved,45
45,base.saturdaynightlive.type_of_snl_cast_member.contract_players,135
34,base.americancomedy.celebrity_impressionist.celebrities_impersonated,292
494,film.film.country,5
125,influence.influence_node.influenced_by,38
285,base.saturdaynightlive.snl_cast_member.highest_status_achieved,45
0,people.person.nationality,5
125,freebase.valuenotation.is_reviewed,59
292,people.person.nationality,5
58,people.person.profession,8
87,common.topic.notable_for,531
399,freebase.valuenotation.is_reviewed,59
175,common.topic.notable_for,532
114,film.performance.character,51
498,music.recording.tracks,498
92,people.person.profession,71
533,tv.tv_segment_performance.special_performance_type,66
371,freebase.valuenotation.has_no_value,41
0,film.person_or_entity_appearing_in_film.films,209
431,people.person.profession,8
428,tv.tv_guest_role.actor,0
206,film.performance.character,534
382,film.film.starring,128
333,people.person.nationality,5
352,music.recording.tracks,352
329,common.topic.notable_for,535
11,people.person.profession,10
68,tv.regular_tv_appearance.actor,0
0,award.award_nominee.award_nominations,53
536,film.film.starring,267
0,music.artist.track,204
255,film.film.sequel,414
537,people.person.gender,39
28,people.person.profession,10
514,film.film.prequel,183
209,film.personal_film_appearance.film,538
35,freebase.valuenotation.is_reviewed,29
23,award.award_nomination.nominated_for,170
256,people.person.profession,8
124,freebase.valuenotation.is_reviewed,59
52,tv.tv_program.regular_cast,241
0,tv.tv_actor.guest_roles,443
62,type.type.properties,89
0,tv.tv_actor.guest_roles,179
0,music.artist.track,312
375,film.performance.film,328
162,freebase.valuenotation.is_reviewed,59
359,music.recording.artist,0
0,music.artist.track,433
260,base.saturdaynightlive.snl_cast_member.highest_status_achieved,45
0,base.advertisingcharacters.character_portrayer.appeared_as,384
66,tv.special_tv_performance_type.segment_performances,191
207,music.recording.tracks,207
198,common.webpage.in_index,234
0,tv.tv_actor.guest_roles,227
371,base.saturdaynightlive.snl_cast_member.highest_status_achieved,45
498,common.topic.notable_for,539
162,freebase.valuenotation.is_reviewed,89
94,music.recording.releases,133
76,freebase.valuenotation.is_reviewed,61
13,people.person.profession,8
45,base.saturdaynightlive.type_of_snl_cast_member.contract_players,129
0,tv.tv_actor.guest_roles,422
308,common.topic.notable_types,177
137,tv.tv_guest_role.episodes_appeared_in,540
368,common.webpage.in_index,234
253,people.person.gender,107
1,common.topic.notable_types,63
5,base.biblioness.bibs_topic.subsumes,5
45,base.saturdaynightlive.type_of_snl_cast_member.contract_players,288
0,tv.tv_actor.guest_roles,541
0,tv.tv_actor.guest_roles,542
177,freebase.type_profile.published,395
146,people.marriage.spouse,193
241,tv.regular_tv_appearance.special_performance_type,66
0,tv.tv_actor.guest_roles,325
34,people.person.profession,10
192,people.person.sibling_s,318
541,tv.tv_guest_role.episodes_appeared_in,165
0,people.person.ethnicity,307
279,freebase.valuenotation.is_reviewed,29
509,tv.regular_tv_appearance.actor,0
0,tv.tv_actor.guest_roles,543
0,music.artist.track,332
0,music.artist.track,65
269,film.film.starring,298
117,people.person.profession,71
56,freebase.valuenotation.is_reviewed,89
160,music.recording.releases,133
149,freebase.valuenotation.is_reviewed,136
321,film.performance.actor,0
156,freebase.valuenotation.is_reviewed,29
176,people.person.profession,71
544,tv.tv_program.country_of_origin,5
545,film.film.starring,24
408,people.person.nationality,5
315,film.performance.actor,0
308,freebase.valuenotation.is_reviewed,29
177,type.type.expected_by,546
241,tv.regular_tv_appearance.character,420
136,type.property.reverse_property,61
318,people.sibling_relationship.sibling,192
41,type.property.schema,62
45,base.saturdaynightlive.type_of_snl_cast_member.contract_players,40
130,tv.tv_guest_role.episodes_appeared_in,547
10,film.film_job.films_with_this_crew_job,548
10,base.descriptive_names.names.descriptive_name,549
35,influence.influence_node.influenced,279
45,base.saturdaynightlive.type_of_snl_cast_member.contract_players,174
177,freebase.type_profile.strict_included_types,47
125,people.person.profession,71
243,people.person.profession,10
487,tv.tv_guest_role.actor,0
0,tv.tv_actor.starring_roles,357
135,people.person.profession,71
0,tv.tv_actor.starring_roles,68
78,people.person.profession,71
248,film.performance.film,550
354,influence.influence_node.influenced,371
0,tv.tv_actor.guest_roles,551
177,freebase.type_hints.included_types,47
40,people.person.profession,8
149,base.saturdaynightlive.snl_cast_member.highest_status_achieved,45
0,tv.tv_actor.starring_roles,509
424,common.topic.notable_for,552
10,common.topic.image,553
498,music.recording.releases,133
554,music.music_video_performance.special_music_video_performance_type,66
245,people.person.profession,71
165,film.film.country,5
26,people.person.profession,8
79,common.topic.notable_for,555
312,music.recording.releases,133
0,base.saturdaynightlive.snl_cast_member.dates_on_snl,556
53,award.award_nomination.award_nominee,537
557,tv.tv_guest_role.episodes_appeared_in,558
174,freebase.valuenotation.is_reviewed,89
10,film.film_job.films_with_this_crew_job,365
58,people.person.gender,39
559,film.film.country,5
10,base.descriptive_names.names.descriptive_name,560
561,film.film_character.portrayed_in_films,396
196,people.person.profession,71
45,base.saturdaynightlive.type_of_snl_cast_member.contract_players,108
291,common.topic.notable_types,205
437,film.film.starring,370
131,common.topic.article,562
284,music.recording.artist,0
308,freebase.valuenotation.is_reviewed,89
119,base.saturdaynightlive.snl_cast_member.highest_status_achieved,45
138,base.saturdaynightlive.snl_cast_member.highest_status_achieved,45
16,music.recording.artist,15
517,film.film_crew_gig.film_crew_role,10
102,music.recording.tracks,102
230,music.single.versions,16
563,tv.tv_guest_role.episodes_appeared_in,564
0,tv.tv_actor.guest_roles,302
433,common.topic.notable_types,205
81,tv.tv_guest_role.episodes_appeared_in,565
255,film.film.country,5
340,freebase.valuenotation.has_value,136
96,freebase.valuenotation.is_reviewed,59
138,freebase.valuenotation.is_reviewed,29
177,type.type.properties,322
460,tv.tv_program.country_of_origin,5
18,film.performance.actor,0
382,film.film.prequel,182
45,base.saturdaynightlive.type_of_snl_cast_member.contract_players,566
49,film.performance.special_performance_type,335
124,freebase.valuenotation.is_reviewed,29
11,people.person.gender,107
90,freebase.valuenotation.is_reviewed,136
247,base.saturdaynightlive.snl_cast_member.highest_status_achieved,45
359,music.recording.releases,133
332,music.recording.releases,133
253,common.topic.notable_types,177
66,tv.special_tv_performance_type.segment_performances,567
288,people.person.nationality,5
98,tv.regular_tv_appearance.series,97
0,film.actor.film,148
52,tv.tv_program.multipart_episodes,208
45,base.saturdaynightlive.type_of_snl_cast_member.contract_players,74
139,people.person.profession,8
87,music.recording.releases,133
131,base.americancomedy.comedy_venue.notable_standup_performers,568
0,common.image.appears_in_topic_gallery,0
84,common.topic.notable_types,63
111,base.saturdaynightlive.snl_cast_member.highest_status_achieved,45
0,music.artist.track,36
306,people.place_lived.location,143
24,film.performance.film,545
0,tv.tv_actor.guest_roles,569
0,tv.tv_actor.starring_roles,88
90,freebase.valuenotation.is_reviewed,59
160,common.topic.notable_for,570
177,base.descriptive_names.names.descriptive_name,571
84,music.recording.releases,133
104,common.topic.notable_types,205
572,tv.tv_guest_role.episodes_appeared_in,573
230,music.recording.artist,15
91,people.person.profession,10
226,music.recording.tracks,226
376,common.topic.notable_types,63
129,people.person.profession,71
56,freebase.valuenotation.is_reviewed,29
462,base.saturdaynightlive.snl_recurring_sketch_performance.character,361
414,film.film.starring,574
119,freebase.valuenotation.is_reviewed,59
393,common.topic.notable_types,63
439,film.performance.special_performance_type,66
384,fictional_universe.fictional_character.species,286
65,common.topic.notable_types,63
0,music.artist.track,266
90,freebase.valuenotation.is_reviewed,61
45,base.saturdaynightlive.type_of_snl_cast_member.contract_players,354
288,people.person.profession,71
78,people.person.profession,10
398,freebase.valuenotation.is_reviewed,29
345,people.person.profession,71
316,tv.tv_regular_personal_appearance.person,0
111,influence.influence_node.influenced_by,38
92,freebase.valuenotation.is_reviewed,59
45,base.saturdaynightlive.type_of_snl_cast_member.contract_players,120
190,film.performance.film,530
171,film.performance.film,170
66,music.special_music_video_performance_type.special_music_video_performances,575
221,freebase.valuenotation.has_value,29
11,people.person.profession,71
247,people.person.nationality,5
574,film.performance.actor,0
329,music.recording.releases,133
384,base.advertisingcharacters.advertising_character.portrayed_by,576
577,tv.regular_tv_appearance.series,83
62,freebase.type_profile.strict_included_types,578
28,base.saturdaynightlive.snl_cast_member.highest_status_achieved,45
2,tv.regular_tv_appearance.actor,0
181,tv.tv_program.country_of_origin,5
253,freebase.valuenotation.is_reviewed,89
122,tv.tv_guest_role.actor,0
207,common.topic.notable_for,579
431,base.saturdaynightlive.snl_cast_member.highest_status_achieved,45
0,tv.tv_actor.guest_roles,446
225,freebase.valuenotation.is_reviewed,41
408,freebase.valuenotation.is_reviewed,59
386,people.person.gender,107
288,freebase.valuenotation.is_reviewed,29
98,tv.regular_tv_appearance.actor,0
0,music.artist.track,310
133,music.album.release_type,580
128,film.performance.actor,0
286,fictional_universe.character_species.characters_of_this_species,384
525,common.webpage.topic,0
45,base.saturdaynightlive.type_of_snl_cast_member.contract_players,431
57,music.recording.releases,133
23,award.award_nomination.ceremony,510
45,base.saturdaynightlive.type_of_snl_cast_member.contract_players,245
48,tv.tv_guest_role.episodes_appeared_in,581
399,freebase.valuenotation.is_reviewed,29
3,film.film.starring,321
175,music.recording.releases,133
296,tv.tv_guest_role.episodes_appeared_in,582
0,tv.tv_actor.guest_roles,289
23,award.award_nomination.award,583
240,tv.tv_guest_role.episodes_appeared_in,584
51,tv.tv_character.appeared_in_tv_program,54
169,music.recording.releases,133
0,tv.tv_actor.guest_roles,585
342,award.award_nominee.award_nominations,53
172,base.saturdaynightlive.snl_cast_member.highest_status_achieved,45
326,film.film_crew_gig.film_crew_role,10
44,people.person.nationality,5
0,tv.tv_actor.guest_roles,503
11,people.person.profession,8
0,people.person.profession,10
496,tv.tv_guest_role.actor,0
0,film.actor.film,128
246,music.recording.tracks,246
544,tv.tv_program.regular_cast,350
33,film.personal_film_appearance.film,476
381,tv.regular_tv_appearance.actor,0
340,base.saturdaynightlive.snl_cast_member.highest_status_achieved,45
56,people.person.profession,10
1,music.recording.tracks,1
103,tv.tv_guest_role.actor,0
236,music.recording.releases,133
291,common.topic.notable_for,586
13,freebase.valuenotation.is_reviewed,59
292,people.person.profession,8
0,music.artist.track,160
45,base.saturdaynightlive.type_of_snl_cast_member.contract_players,587
189,people.person.nationality,5
588,music.music_video_performance.special_music_video_performance_type,66
145,freebase.valuenotation.is_reviewed,29
34,base.saturdaynightlive.snl_cast_member.highest_status_achieved,45
266,common.topic.notable_types,63
35,people.person.nationality,5
129,people.person.profession,10
71,type.property.expected_type,177
10,base.descriptive_names.names.descriptive_name,589
76,people.person.profession,71
0,tv.tv_actor.guest_roles,487
178,freebase.valuenotation.is_reviewed,29
0,common.topic.webpage,55
0,film.actor.film,439
236,common.topic.notable_for,590
322,rdf-schema#domain,177
213,film.performance.film,229
143,location.administrative_division.second_level_division_of,5
280,freebase.valuenotation.has_no_value,61
99,tv.tv_program.country_of_origin,5
45,base.saturdaynightlive.type_of_snl_cast_member.contract_players,139
10,film.film_job.films_with_this_crew_job,591
45,base.saturdaynightlive.type_of_snl_cast_member.contract_players,119
177,base.descriptive_names.names.descriptive_name,592
156,people.person.nationality,5
48,tv.tv_guest_role.actor,0
0,tv.tv_actor.starring_roles,467
129,people.person.profession,8
393,music.recording.releases,133
38,people.person.nationality,5
266,music.recording.artist,0
386,people.person.nationality,5
70,common.topic.notable_types,177
193,people.person.children,192
13,freebase.valuenotation.is_reviewed,89
396,film.performance.film,593
78,freebase.valuenotation.has_value,136
109,tv.tv_guest_role.episodes_appeared_in,594
45,base.saturdaynightlive.type_of_snl_cast_member.contract_players,225
431,people.person.nationality,5
50,film.film.country,5
515,tv.tv_guest_role.actor,0
0,tv.tv_actor.guest_roles,367
0,tv.tv_actor.starring_roles,100
147,base.americancomedy.comedian.performed_in_venues,131
0,tv.tv_actor.guest_roles,416
261,award.award_nominee.award_nominations,53
87,music.recording.tracks,87
298,film.performance.character,51
538,film.film.country,5
337,film.film.country,5
545,film.film.country,5
538,film.film.personal_appearances,209
414,film.film.country,5
45,base.saturdaynightlive.type_of_snl_cast_member.contract_players,125
70,people.person.profession,8
10,film.film_job.films_with_this_crew_job,409
226,common.topic.notable_for,595
247,freebase.valuenotation.is_reviewed,29
16,music.recording.canonical_version,230
4,influence.influence_node.influenced_by,345
381,tv.regular_tv_appearance.series,380
345,influence.influence_node.influenced,13
577,tv.regular_tv_appearance.actor,0
97,tv.tv_program.country_of_origin,5
147,people.person.place_of_birth,143
237,people.person.gender,107
118,award.award_nominee.award_nominations,53
464,tv.tv_guest_role.episodes_appeared_in,596
557,tv.tv_guest_role.actor,0
376,common.topic.notable_for,597
135,freebase.valuenotation.is_reviewed,29
334,tv.tv_guest_role.actor,0
86,tv.tv_program.episodes,584
274,film.film.starring,42
149,common.topic.notable_types,177
20,film.film.country,5
14,freebase.valuenotation.is_reviewed,59
548,film.film_crew_gig.film_crew_role,10
267,film.performance.film,536
370,film.performance.character,418
66,music.special_music_video_performance_type.special_music_video_performances,598
53,award.award_nomination.ceremony,599
247,people.person.gender,39
0,music.artist.track,207
83,tv.tv_program.regular_cast,577
379,film.performance.character,378
600,base.advertisingcharacters.product.advertising_characters,384
87,music.recording.artist,0
399,people.person.profession,71
601,tv.tv_guest_role.actor,0
128,film.performance.film,382
399,people.person.profession,8
482,base.webvideo.internet_video_regular_performance.actor,0
256,influence.influence_node.influenced_by,38
61,type.property.expected_type,62
0,people.person.children,192
76,people.person.ethnicity,307
186,music.recording.tracks,186
443,tv.tv_guest_role.actor,0
243,people.person.gender,39
103,tv.tv_guest_role.character,51
45,base.saturdaynightlive.type_of_snl_cast_member.contract_players,152
273,music.recording.artist,0
45,base.saturdaynightlive.type_of_snl_cast_member.contract_players,28
212,music.recording.artist,0
0,tv.tv_actor.guest_roles,222
177,type.type.expected_by,602
433,music.recording.artist,0
230,common.topic.notable_for,603
92,base.americancomedy.impersonated_celebrity.impersonated_by,34
125,people.person.profession,8
113,film.personal_film_appearance.film,266
45,base.saturdaynightlive.type_of_snl_cast_member.contract_players,399
66,tv.special_tv_performance_type.segment_performances,604
0,film.actor.film,396
396,film.performance.character,561
138,people.person.profession,71
71,rdf-schema#range,177
601,tv.tv_guest_role.episodes_appeared_in,605
33,film.personal_film_appearance.type_of_appearance,188
399,base.saturdaynightlive.snl_cast_member.highest_status_achieved,45
0,tv.tv_actor.guest_roles,140
371,people.person.gender,39
256,people.person.gender,39
0,tv.tv_actor.guest_roles,257
254,common.topic.notable_types,177
312,music.recording.artist,0
0,music.artist.track,104
330,tv.tv_guest_role.episodes_appeared_in,606
266,music.recording.tracks,266
607,tv.tv_guest_role.episodes_appeared_in,608
298,film.performance.special_performance_type,66
60,tv.tv_guest_role.special_performance_type,66
354,people.person.gender,39
71,common.topic.notable_types,32
147,people.person.gender,39
278,freebase.valuenotation.has_no_value,41
315,film.performance.character,51
0,film.actor.film,609
347,tv.regular_tv_appearance.actor,0
114,film.performance.film,181
435,tv.tv_guest_role.actor,0
243,people.person.profession,8
503,tv.tv_guest_role.actor,0
439,film.performance.film,183
0,tv.tv_actor.starring_roles,577
38,people.person.profession,71
76,people.person.nationality,5
124,base.saturdaynightlive.snl_cast_member.highest_status_achieved,45
193,people.person.children,278
0,tv.tv_actor.guest_roles,428
186,common.topic.notable_types,63
354,influence.influence_node.influenced,282
9,people.person.gender,107
569,tv.tv_guest_role.episodes_appeared_in,610
96,people.person.profession,10
268,film.performance.actor,0
156,freebase.valuenotation.is_reviewed,59
1,music.recording.artist,0
211,film.film.country,5
156,music.artist.track,230
280,base.saturdaynightlive.snl_cast_member.highest_status_achieved,45
345,common.topic.notable_types,177
0,base.saturdaynightlive.snl_cast_member.highest_status_achieved,45
0,film.actor.film,375
398,freebase.valuenotation.is_reviewed,59
14,base.saturdaynightlive.snl_cast_member.highest_status_achieved,45
135,people.person.profession,8
477,music.recording.releases,133
92,people.person.place_of_birth,143
92,influence.influence_node.influenced_by,91
133,music.album.primary_release,133
139,people.person.profession,10
333,freebase.valuenotation.is_reviewed,89
45,base.saturdaynightlive.type_of_snl_cast_member.contract_players,80
6,tv.tv_guest_role.episodes_appeared_in,611
439,film.performance.character,51
398,people.person.gender,39
567,tv.tv_segment_performance.special_performance_type,66
196,base.saturdaynightlive.snl_cast_member.highest_status_achieved,45
77,music.recording.tracks,77
256,freebase.valuenotation.is_reviewed,89
333,people.person.gender,39
380,tv.tv_program.country_of_origin,5
220,film.film.starring,206
357,tv.regular_tv_appearance.series,356
612,tv.tv_guest_role.episodes_appeared_in,208
182,film.film.country,5
255,film.film.starring,485
551,tv.tv_guest_role.episodes_appeared_in,613
308,base.saturdaynightlive.snl_cast_member.highest_status_achieved,45
45,base.saturdaynightlive.type_of_snl_cast_member.contract_players,333
60,tv.tv_guest_role.episodes_appeared_in,304
279,people.person.profession,8
147,people.person.profession,71
172,freebase.valuenotation.is_reviewed,89
609,film.performance.film,211
292,freebase.valuenotation.is_reviewed,59
155,freebase.valuenotation.is_reviewed,29
308,people.person.nationality,5
441,tv.tv_program.regular_cast,440
333,people.person.place_of_birth,12
431,freebase.valuenotation.is_reviewed,29
51,tv.tv_character.appeared_in_tv_program,387
416,tv.tv_guest_role.actor,0
93,film.film.country,5
172,freebase.valuenotation.is_reviewed,59
10,film.film_job.films_with_this_crew_job,106
150,people.person.nationality,5
5,location.country.administrative_divisions,12
26,freebase.valuenotation.is_reviewed,29
152,freebase.valuenotation.is_reviewed,29
45,base.saturdaynightlive.type_of_snl_cast_member.contract_players,56
0,tv.tv_actor.guest_roles,240
101,freebase.valuenotation.is_reviewed,59
10,common.topic.webpage,164
78,common.topic.notable_types,177
130,tv.tv_guest_role.special_performance_type,66
505,tv.tv_guest_role.actor,0
58,people.person.profession,10
79,music.recording.releases,133
136,type.property.expected_type,62
51,tv.tv_character.appeared_in_tv_episodes,60
361,common.topic.notable_types,46
367,tv.tv_guest_role.episodes_appeared_in,614
278,people.person.sibling_s,318
66,music.special_music_video_performance_type.special_music_video_performances,295
183,film.film.starring,439
111,people.person.ethnicity,307
386,freebase.valuenotation.is_reviewed,59
399,freebase.valuenotation.is_reviewed,89
253,freebase.valuenotation.is_reviewed,59
7,people.person.nationality,5
186,music.recording.releases,133
51,film.film_character.portrayed_in_films,114
433,music.recording.tracks,433
10,film.film_job.films_with_this_crew_job,615
143,base.biblioness.bibs_location.country,5
108,freebase.valuenotation.is_reviewed,89
152,freebase.valuenotation.is_reviewed,89
572,tv.tv_guest_role.actor,0
278,people.person.gender,107
585,tv.tv_guest_role.actor,0
485,film.performance.character,320
70,freebase.valuenotation.has_value,136
45,base.saturdaynightlive.type_of_snl_cast_member.contract_players,398
368,common.webpage.topic,10
354,people.person.profession,71
92,freebase.valuenotation.is_reviewed,29
254,people.person.profession,71
45,base.saturdaynightlive.type_of_snl_cast_member.contract_players,260
45,base.saturdaynightlive.type_of_snl_cast_member.contract_players,76
62,type.type.properties,59
313,common.webpage.topic,0
45,base.saturdaynightlive.type_of_snl_cast_member.contract_players,616
500,tv.tv_guest_role.actor,0
0,tv.tv_actor.guest_roles,612
31,film.film.country,5
10,film.film_job.films_with_this_crew_job,617
0,music.artist.track,273
155,people.person.gender,107
292,people.person.profession,10
386,freebase.valuenotation.is_reviewed,89
10,base.descriptive_names.names.descriptive_name,618
0,film.actor.film,206
420,tv.tv_character.appeared_in_tv_program,241
196,people.person.profession,8
111,freebase.valuenotation.is_reviewed,29
262,music.recording.releases,133
3,tv.tv_program.regular_cast,2
0,music.artist.album,133
415,common.resource.annotations,151
177,freebase.type_hints.included_types,62
376,music.recording.artist,0
398,base.saturdaynightlive.snl_cast_member.highest_status_achieved,45
358,film.film.starring,619
212,common.topic.notable_types,63
461,tv.regular_tv_appearance.actor,0
285,freebase.valuenotation.has_value,136
486,tv.tv_program.regular_cast,82
45,base.saturdaynightlive.type_of_snl_cast_member.contract_players,90
101,people.person.profession,10
176,freebase.valuenotation.is_reviewed,89
256,freebase.valuenotation.is_reviewed,29
10,film.film_job.films_with_this_crew_job,620
0,tv.tv_actor.guest_roles,496
45,base.saturdaynightlive.type_of_snl_cast_member.contract_players,340
152,freebase.valuenotation.is_reviewed,59
550,film.film.starring,248
49,film.performance.special_performance_type,66
35,base.americancomedy.impersonated_celebrity.impersonated_by,34
53,award.award_nomination.award,506
221,common.topic.notable_for,621
622,tv.tv_guest_role.episodes_appeared_in,623
575,music.music_video_performance.special_music_video_performance_type,66
177,type.type.expected_by,71
225,people.person.profession,71
125,base.saturdaynightlive.snl_cast_member.highest_status_achieved,45
292,influence.influence_node.influenced_by,178
177,freebase.type_profile.strict_included_types,578
201,music.recording.artist,0
27,film.performance.character,624
25,music.recording.tracks,25
256,base.saturdaynightlive.snl_cast_member.highest_status_achieved,45
0,tv.tv_actor.guest_roles,470
619,film.performance.film,358
452,film.film_character.portrayed_in_films,375
0,film.actor.film,619
574,film.performance.film,414
204,common.topic.notable_for,625
288,common.topic.notable_types,177
414,film.film.prequel,255
313,common.webpage.in_index,626
126,common.webpage.in_index,234
124,people.person.nationality,5
512,film.film_crew_gig.film_crew_role,10
147,people.person.profession,8
120,people.person.profession,71
321,film.performance.character,320
212,common.topic.notable_for,627
289,tv.tv_guest_role.actor,0
148,film.performance.character,377
129,people.person.place_of_birth,12
0,tv.tv_actor.guest_roles,607
120,people.person.gender,39
225,freebase.valuenotation.is_reviewed,136
30,film.performance.actor,0
127,common.topic.notable_types,63
384,base.advertisingcharacters.advertising_character.product,600
498,music.recording.artist,0
29,type.property.schema,62
0,film.actor.film,298
392,film.film.country,5
206,film.performance.film,220
0,music.artist.track,134
182,film.film.starring,157
13,influence.influence_node.influenced_by,9
66,tv.special_tv_performance_type.segment_performances,533
431,freebase.valuenotation.is_reviewed,136
45,base.saturdaynightlive.type_of_snl_cast_member.contract_players,253
10,film.film_job.films_with_this_crew_job,628
181,film.film.starring,114
327,tv.tv_guest_role.actor,0
74,influence.influence_node.influenced_by,225
312,music.recording.tracks,312
4,people.person.profession,71
248,film.performance.actor,0
403,tv.tv_guest_role.actor,0
13,people.person.profession,71
58,people.person.nationality,5
249,tv.tv_guest_role.actor,0
90,people.person.ethnicity,307
220,film.film.country,5
204,music.recording.tracks,204
40,people.person.gender,107
14,people.person.gender,39
485,film.performance.film,255
629,film.film_character.portrayed_in_films,190
93,film.film.starring,18
426,film.film.starring,258
45,base.saturdaynightlive.type_of_snl_cast_member.contract_players,147
26,people.person.nationality,5
221,freebase.valuenotation.has_value,136
541,tv.tv_guest_role.actor,0
262,common.topic.notable_types,63
166,film.performance.film,165
45,base.saturdaynightlive.type_of_snl_cast_member.contract_players,38
45,base.saturdaynightlive.type_of_snl_cast_member.contract_players,4
0,film.actor.film,293
184,music.recording.tracks,184
15,music.artist.origin,12
406,common.topic.notable_for,630
294,film.film_character.portrayed_in_films,293
186,common.topic.notable_for,631
273,music.recording.tracks,273
45,base.saturdaynightlive.type_of_snl_cast_member.contract_players,189
45,base.saturdaynightlive.type_of_snl_cast_member.contract_players,138
0,tv.tv_actor.guest_roles,622
7,people.person.profession,71
190,film.performance.actor,0
285,people.person.profession,71
435,tv.tv_guest_role.episodes_appeared_in,0
0,music.artist.track,424
119,freebase.valuenotation.is_reviewed,89
73,common.webpage.resource,72
256,people.person.nationality,5
376,music.recording.releases,133
86,tv.tv_program.regular_cast,54
542,tv.tv_guest_role.actor,0
271,film.performance.film,369
183,film.film.sequel,514
224,film.film_character.portrayed_in_films,171
254,freebase.valuenotation.is_reviewed,59
225,influence.influence_node.influenced,74
102,music.recording.artist,0
543,tv.tv_guest_role.actor,0
0,tv.tv_actor.guest_roles,251
10,base.descriptive_names.names.descriptive_name,632
386,people.person.profession,71
178,film.writer.film,220
400,common.webpage.in_index,234
0,tv.tv_actor.starring_roles,440
537,award.award_nominee.award_nominations,53
59,rdf-schema#domain,62
345,influence.influence_node.influenced,4
279,influence.influence_node.influenced_by,145
92,people.person.ethnicity,307
0,music.artist.track,329
45,base.saturdaynightlive.type_of_snl_cast_member.contract_players,386
422,tv.tv_guest_role.episodes_appeared_in,633
408,base.saturdaynightlive.snl_cast_member.highest_status_achieved,45
189,common.topic.notable_types,177
66,music.special_music_video_performance_type.special_music_video_performances,554
340,people.person.profession,71
0,people.person.gender,39
194,freebase.type_profile.equivalent_topic,580
118,freebase.valuenotation.is_reviewed,59
280,people.person.nationality,5
347,tv.regular_tv_appearance.series,414
171,film.performance.actor,0
505,tv.tv_guest_role.episodes_appeared_in,634
177,common.topic.article,432
230,music.recording.tracks,635
297,film.film.starring,349
636,base.webvideo.internet_video_series.regular_cast,482
155,base.saturdaynightlive.snl_cast_member.highest_status_achieved,45
225,base.saturdaynightlive.snl_cast_member.highest_status_achieved,45
0,common.topic.webpage,116
243,people.person.profession,71
207,music.recording.releases,133
156,freebase.valuenotation.is_reviewed,89
177,base.descriptive_names.names.descriptive_name,637
317,tv.tv_program.regular_cast,509
0,music.artist.track,184
38,influence.influence_node.influenced,124
189,people.person.gender,39
477,music.recording.tracks,477
530,film.film.starring,190
256,people.person.profession,10
310,common.topic.notable_types,63
204,music.recording.artist,0
408,people.person.gender,39
514,media_common.adaptation.adapted_from,86
366,tv.tv_guest_role.episodes_appeared_in,638
45,base.saturdaynightlive.type_of_snl_cast_member.contract_players,371
373,tv.tv_guest_role.actor,0
172,freebase.valuenotation.is_reviewed,29
15,music.artist.track,230
207,common.topic.notable_types,63
28,people.person.profession,8
284,common.topic.notable_types,63
101,people.person.gender,39
46,freebase.type_profile.published,395
138,common.topic.notable_types,177
0,film.actor.film,19
243,freebase.valuenotation.is_reviewed,29
116,common.webpage.in_index,234
213,film.performance.actor,0
280,common.topic.notable_types,177
200,common.webpage.resource,639
10,common.topic.webpage,400
189,people.person.profession,8
449,film.film_character.portrayed_in_films,30
35,influence.influence_node.influenced,38
260,people.person.profession,8
352,music.recording.artist,0
398,freebase.valuenotation.is_reviewed,89
193,common.topic.notable_types,62
338,film.performance.actor,0
66,music.special_music_video_performance_type.special_music_video_performances,588
148,film.performance.film,559
399,people.person.profession,10
10,common.topic.notable_for,640
79,music.recording.artist,0
56,base.saturdaynightlive.snl_cast_member.highest_status_achieved,45
131,base.americancomedy.comedy_venue.notable_standup_performers,145
338,film.performance.film,337
230,music.recording.tracks,230
25,common.topic.notable_for,641
278,common.topic.notable_types,62
84,music.recording.tracks,84
13,people.person.nationality,5
308,people.person.profession,10
190,film.performance.character,629
0,music.artist.track,226
0,base.saturdaynightlive.snl_actor.characters_played,361
329,music.recording.artist,0
21,people.person.gender,107
0,film.actor.film,114
514,film.film.country,5
354,people.person.nationality,5
79,common.topic.notable_types,205
609,film.performance.actor,0
0,tv.tv_actor.guest_roles,492
12,base.biblioness.bibs_topic.is_really,12
563,tv.tv_guest_role.actor,0
399,people.person.gender,39
465,film.film_crew_gig.film_crew_role,10
0,tv.tv_actor.guest_roles,572
0,music.artist.track,127
143,location.location.containedby,12
0,tv.tv_actor.guest_roles,601
331,music.recording.releases,133
177,type.type.expected_by,642
227,tv.tv_guest_role.actor,0
320,film.film_character.portrayed_in_films,485
312,common.topic.notable_for,643
0,music.artist.track,498
0,music.artist.track,393
45,base.saturdaynightlive.type_of_snl_cast_member.contract_players,644
177,type.type.expected_by,71
0,tv.tv_actor.guest_roles,563
344,music.recording.artist,0
201,common.topic.notable_for,645
406,music.recording.releases,133
0,tv.tv_actor.guest_roles,366
86,tv.tv_program.episodes,547
74,people.person.profession,8
247,people.person.profession,71
542,tv.tv_guest_role.episodes_appeared_in,646
34,influence.influence_node.influenced_by,74
91,freebase.valuenotation.is_reviewed,59
14,people.person.profession,10
38,freebase.valuenotation.has_value,61
317,tv.tv_program.regular_personal_appearances,316
521,tv.tv_guest_role.actor,0
384,base.advertisingcharacters.advertising_character.portrayed_by,0
260,people.person.profession,71
12,location.location.containedby,5
50,film.film.starring,49
406,music.recording.artist,0
16,music.recording.artist,0
543,tv.tv_guest_role.episodes_appeared_in,647
11,freebase.valuenotation.is_reviewed,29
91,freebase.valuenotation.is_reviewed,89
92,people.person.gender,39
10,base.descriptive_names.names.descriptive_name,648
96,people.person.profession,8
25,common.topic.notable_types,63
11,freebase.valuenotation.is_reviewed,89
0,music.artist.track,246
262,music.recording.tracks,262
440,tv.regular_tv_appearance.actor,0
14,people.person.profession,71
0,film.person_or_entity_appearing_in_film.films,33
273,common.topic.notable_types,205
354,base.saturdaynightlive.snl_cast_member.highest_status_achieved,45
10,film.film_job.films_with_this_crew_job,210
280,people.person.ethnicity,307
134,music.recording.artist,0
176,freebase.valuenotation.has_value,61
45,base.saturdaynightlive.type_of_snl_cast_member.contract_players,649
398,freebase.valuenotation.has_value,136
129,people.person.gender,39
7,freebase.valuenotation.is_reviewed,29
260,freebase.valuenotation.has_value,61
45,base.saturdaynightlive.type_of_snl_cast_member.contract_players,650
481,film.film.country,5
268,film.performance.character,651
34,freebase.valuenotation.is_reviewed,29
29,rdf-schema#domain,62
34,influence.influence_node.influenced_by,92
313,common.webpage.category,652
177,base.descriptive_names.names.descriptive_name,653
172,people.person.gender,39
177,type.type.expected_by,654
192,people.person.gender,39
129,base.saturdaynightlive.snl_cast_member.highest_status_achieved,45
514,film.film.starring,315
225,people.person.ethnicity,307
134,common.topic.notable_types,63
477,common.topic.notable_types,205
286,film.film_character.portrayed_in_films,49
357,tv.regular_tv_appearance.actor,0
344,common.topic.notable_types,63
91,people.person.gender,39
0,tv.tv_actor.guest_roles,137
309,film.film_crew_gig.film_crew_role,10
0,music.artist.track,16
225,people.person.profession,10
0,film.actor.film,315
57,common.topic.notable_types,205
35,people.person.profession,10
655,film.film_crew_gig.film_crew_role,10
26,freebase.valuenotation.is_reviewed,89
150,freebase.valuenotation.is_reviewed,41
525,common.webpage.resource,656
138,people.person.nationality,5
225,freebase.valuenotation.is_reviewed,89
96,people.person.profession,71
96,people.person.nationality,5
56,freebase.valuenotation.is_reviewed,59
58,people.person.profession,71
120,people.person.nationality,5
53,award.award_nomination.award_nominee,319
4,base.saturdaynightlive.snl_cast_member.highest_status_achieved,45
116,common.webpage.topic,0
441,tv.tv_program.country_of_origin,5
236,music.recording.tracks,236
9,people.person.profession,71
624,film.film_character.portrayed_in_films,27
10,base.descriptive_names.names.descriptive_name,657
52,tv.tv_program.country_of_origin,5
423,film.film.starring,411
3,film.film.sequel,255
0,film.actor.film,213
10,base.descriptive_names.names.descriptive_name,658
295,music.music_video_performance.special_music_video_performance_type,188
74,freebase.valuenotation.is_reviewed,29
651,film.film_character.portrayed_in_films,268
331,common.topic.notable_types,63
176,base.saturdaynightlive.snl_cast_member.highest_status_achieved,45
79,music.recording.tracks,79
246,music.recording.artist,0
302,tv.tv_guest_role.actor,0
91,freebase.valuenotation.is_reviewed,61
534,film.film_character.portrayed_in_films,206
28,freebase.valuenotation.is_reviewed,89
178,people.person.profession,71
467,tv.regular_tv_appearance.actor,0
71,type.property.reverse_property,322
620,film.film_crew_gig.film_crew_role,10
0,common.topic.webpage,73
659,film.film_character.portrayed_in_films,338
0,film.actor.film,574
607,tv.tv_guest_role.actor,0
119,freebase.valuenotation.is_reviewed,29
411,film.performance.film,423
26,people.person.gender,107
0,music.artist.track,291
94,music.recording.artist,0
80,people.person.nationality,5
163,fictional_universe.fictional_character.ethnicity,307
69,tv.tv_program.regular_cast,68
431,freebase.valuenotation.is_reviewed,59
307,fictional_universe.ethnicity_in_fiction.characters_of_this_ethnicity,163
10,base.descriptive_names.names.descriptive_name,660
0,tv.tv_actor.guest_roles,363
289,tv.tv_guest_role.episodes_appeared_in,469
28,people.person.gender,39
437,film.film.country,5
340,people.person.gender,107
639,common.resource.annotations,200
0,film.actor.film,258
76,freebase.valuenotation.is_reviewed,41
35,people.person.place_of_birth,143
88,tv.regular_tv_appearance.series,425
45,base.saturdaynightlive.type_of_snl_cast_member.contract_players,280
0,film.actor.film,27
215,freebase.type_profile.strict_included_types,47
332,common.topic.notable_for,661
0,tv.tv_actor.guest_roles,373
133,music.album.album_content_type,662
127,music.recording.releases,266
253,base.saturdaynightlive.snl_cast_member.highest_status_achieved,45
379,film.performance.actor,0
426,film.film.country,5
80,freebase.valuenotation.is_reviewed,89
133,common.topic.notable_types,194
245,people.person.gender,107
13,influence.influence_node.influenced_by,354
163,fictional_universe.fictional_character.occupation,8
247,freebase.valuenotation.is_reviewed,59
91,base.saturdaynightlive.snl_cast_member.highest_status_achieved,45
214,film.film_character.portrayed_in_films,213
371,influence.influence_node.influenced_by,354
240,tv.tv_guest_role.character,51
0,people.person.profession,71
12,location.hud_county_place.place,12
194,freebase.type_profile.strict_included_types,47
118,freebase.valuenotation.has_value,136
101,base.saturdaynightlive.snl_cast_member.highest_status_achieved,45
178,freebase.valuenotation.is_reviewed,59
54,tv.regular_tv_appearance.actor,0
424,music.recording.tracks,424
0,tv.tv_actor.guest_roles,464
559,film.film.starring,148
0,music.artist.track,283
113,film.personal_film_appearance.person,0
292,freebase.valuenotation.is_reviewed,136
131,base.americancomedy.comedy_venue.notable_standup_performers,0
252,tv.tv_guest_role.actor,0
45,base.saturdaynightlive.type_of_snl_cast_member.contract_players,308
230,music.recording.tracks,230
92,people.person.profession,8
13,influence.influence_node.influenced_by,345
323,freebase.type_profile.strict_included_types,47
133,music.album.artist,0
593,film.film.country,5
350,tv.regular_tv_appearance.series,544
521,tv.tv_guest_role.episodes_appeared_in,663
21,base.saturdaynightlive.snl_cast_member.highest_status_achieved,45
289,tv.tv_guest_role.character,51
45,base.saturdaynightlive.type_of_snl_cast_member.contract_players,162
3,award.award_nominated_work.award_nominations,23
131,location.location.containedby,12
134,common.topic.notable_for,664
19,film.performance.character,51
38,influence.influence_node.influenced,125
162,people.person.nationality,5
622,tv.tv_guest_role.actor,0
615,film.film_crew_gig.film_crew_role,10
192,common.topic.notable_types,62
178,influence.influence_node.influenced,292
45,base.saturdaynightlive.type_of_snl_cast_member.contract_players,247
461,tv.regular_tv_appearance.series,460
170,film.film.featured_film_locations,12
466,tv.tv_program.country_of_origin,5
69,tv.tv_program.country_of_origin,5
253,people.person.nationality,5
665,common.resource.annotations,55
226,music.recording.releases,133
7,people.person.gender,39
398,common.topic.notable_types,177
569,tv.tv_guest_role.actor,0
178,people.person.place_of_birth,143
176,people.person.nationality,5
15,people.person.profession,71
0,common.topic.article,666
189,freebase.valuenotation.is_reviewed,59
0,tv.tv_actor.guest_roles,109
155,people.person.nationality,5
0,people.person.profession,8
1,music.recording.releases,133
147,freebase.valuenotation.has_value,136
477,common.topic.notable_for,667
169,music.recording.tracks,169
398,people.person.profession,8
233,common.webpage.topic,10
131,common.topic.notable_for,668
10,common.topic.webpage,233
327,tv.tv_guest_role.episodes_appeared_in,669
189,freebase.valuenotation.is_reviewed,29
585,tv.tv_guest_role.episodes_appeared_in,0
298,film.performance.actor,0
90,people.person.profession,71
138,people.person.profession,8
433,music.recording.releases,133
482,base.webvideo.internet_video_regular_performance.series,636
108,freebase.valuenotation.is_reviewed,59
321,film.performance.film,3
42,film.performance.actor,0
386,freebase.valuenotation.is_reviewed,29
354,freebase.valuenotation.has_no_value,61
413,tv.tv_guest_role.episodes_appeared_in,670
41,rdf-schema#domain,62
0,film.actor.film,190
108,people.person.profession,10
204,music.recording.releases,133
131,common.topic.notable_types,323
0,tv.tv_actor.guest_roles,557
628,film.film_crew_gig.film_crew_role,10
177,type.type.expected_by,355
45,base.saturdaynightlive.type_of_snl_cast_member.contract_players,92
424,music.recording.artist,0
74,common.topic.notable_types,177
407,music.music_video_performance.special_music_video_performance_type,66
279,people.person.gender,39
55,common.webpage.resource,665
198,common.webpage.topic,0
9,people.person.nationality,5
0,tv.tv_actor.starring_roles,350
53,award.award_nomination.nominated_for,52
333,people.person.profession,71
345,base.saturdaynightlive.snl_cast_member.highest_status_achieved,45
485,film.performance.actor,0
593,film.film.starring,396
0,tv.tv_personality.tv_regular_appearances,316
656,common.resource.annotations,525
45,base.saturdaynightlive.type_of_snl_cast_member.contract_players,671
196,people.person.gender,39
8,fictional_universe.character_occupation.characters_with_this_occupation,163
174,freebase.valuenotation.is_reviewed,29
129,freebase.valuenotation.is_reviewed,29
225,people.person.profession,8
7,freebase.valuenotation.is_reviewed,89
62,freebase.type_profile.strict_included_types,47
292,base.americancomedy.impersonated_celebrity.impersonated_by,34
278,people.person.parents,193
34,freebase.valuenotation.is_reviewed,89
513,film.film_character.portrayed_in_films,248
125,people.person.profession,10
177,base.descriptive_names.names.descriptive_name,672
551,tv.tv_guest_role.actor,0
80,freebase.valuenotation.is_reviewed,29
414,tv.tv_program.country_of_origin,5
45,base.saturdaynightlive.type_of_snl_cast_member.contract_players,101
131,base.americancomedy.comedy_venue.notable_standup_performers,147
288,freebase.valuenotation.is_reviewed,89
0,film.actor.film,267
474,tv.tv_segment_performance.special_performance_type,66
322,type.property.schema,177
331,common.topic.notable_for,673
94,music.recording.tracks,94
332,music.recording.artist,0
4,people.person.gender,39
279,freebase.valuenotation.is_reviewed,59
155,freebase.valuenotation.is_reviewed,89
550,film.film.country,5
371,freebase.valuenotation.is_reviewed,29
145,influence.influence_node.influenced,279
323,freebase.type_hints.included_types,47
0,tv.tv_actor.starring_roles,241
9,people.person.profession,8
65,common.topic.notable_for,674
45,base.saturdaynightlive.type_of_snl_cast_member.contract_players,150
103,tv.tv_guest_role.episodes_appeared_in,159
149,freebase.valuenotation.is_reviewed,59
45,base.saturdaynightlive.type_of_snl_cast_member.contract_players,345
344,common.topic.notable_for,675
11,freebase.valuenotation.is_reviewed,59
76,freebase.valuenotation.has_value,136
591,film.film_crew_gig.film_crew_role,10
406,common.topic.notable_types,63
338,film.performance.character,659
192,freebase.valuenotation.has_value,89
198,common.webpage.resource,197
162,people.person.ethnicity,307
284,common.topic.notable_for,676
292,freebase.valuenotation.is_reviewed,29
108,people.person.nationality,5
76,freebase.valuenotation.is_reviewed,89
9,freebase.valuenotation.is_reviewed,29
486,tv.tv_program.country_of_origin,5
492,tv.tv_guest_role.actor,0
386,people.person.profession,10
45,base.saturdaynightlive.type_of_snl_cast_member.contract_players,58
211,film.film.starring,609
38,influence.influence_node.influenced_by,35
45,base.saturdaynightlive.type_of_snl_cast_member.contract_players,677
42,film.performance.film,274
150,people.person.gender,107
40,people.person.profession,71
10,film.film_job.films_with_this_crew_job,655
91,people.person.nationality,5
65,music.recording.releases,133
319,award.award_nominee.award_nominations,53
10,base.descriptive_names.names.descriptive_name,678
91,common.topic.notable_types,177
598,music.music_video_performance.special_music_video_performance_type,66
604,tv.tv_segment_performance.special_performance_type,66
617,film.film_crew_gig.film_crew_role,10
40,people.person.nationality,5
268,film.performance.film,270
169,common.topic.notable_types,63
612,tv.tv_guest_role.actor,0
238,film.performance.special_performance_type,66
215,freebase.type_hints.included_types,47
23,award.award_nomination.nominated_for,3
325,tv.tv_guest_role.episodes_appeared_in,679
619,film.performance.actor,0
222,tv.tv_guest_role.actor,0
292,people.person.profession,71
91,freebase.valuenotation.is_reviewed,29
0,music.artist.track,344
292,influence.influence_node.influenced_by,145
184,music.recording.releases,133
149,freebase.valuenotation.is_reviewed,89
0,base.advertisingcharacters.character_portrayer.performance_type,66
136,rdf-schema#range,62
